Date,Tweet,Url,User,UserCreated,UserVerified,UserFollowers,UserFriends,Retweets,Likes,Location,UserDescription
2023-02-24 07:59:26+00:00,"How to hire 100x more productive team members for Free? We just interviewed and hired #chatgpt for free as a team member. 
https://t.co/JwlXXK6WKt",https://twitter.com/smnishad/status/1629028212914245632,smnishad,2009-03-04 15:50:52+00:00,FALSE,2524,4966,0,0,"New Delhi, India",Account Planning at Adfactors Advertising
2023-02-24 07:59:23+00:00,Chatgtp breakfast about to start #ChatGPT #futureproofing #opportunity https://t.co/HYCt33vOZ0,https://twitter.com/SevenKingsSch/status/1629028202185121792,SevenKingsSch,2010-05-06 09:05:00+00:00,FALSE,1322,174,0,0,"Ilford, Redbridge",All Through. Outstanding. World Class. See SixthForm/Seven Kings Learning Partnership (collective of 23 schools in East London)
2023-02-24 07:59:17+00:00,"@PiCoreTeam Pi network will be one of the super portals of the web3 world ğŸ’œğŸ‘
#Pinetwork #Web3 #OpenAI #ChatGPT #crepto",https://twitter.com/jad_alrabe3/status/1629028173819117569,jad_alrabe3,2012-03-05 03:41:41+00:00,FALSE,311,1822,0,0,"Irbid, jordan ","Ø£Ù†Ø§ ÙˆÙ‚Ù„Ø¨ÙŠ ÙˆØ¹ÙÙ‚Ù„ÙŒ Ù„Ù… ÙŠÙØ³ÙØ¹ Ø­ÙÙ„ÙÙ…ÙŠ
ÙŠØ§ Ø±Ø¨ÙÙ‘ Ù‡ÙŠÙÙ‘Ø¦Ù’ Ù„Ù†Ø§ Ù…Ù† Ø£Ù…Ø±Ù†Ø§ Ø±Ø´ÙØ¯Ø§

 ğŸ’œğŸ¯ğŸŒ¹"
2023-02-24 07:58:54+00:00,"Build your first $100K/Year Start-up in just 24 hours with AI

#ChatGPT #AI #Artificial_Intelligence #midjourney #Notion https://t.co/uLdBiIqVwE",https://twitter.com/yournotionguy/status/1629028078155599874,yournotionguy,2023-02-09 13:22:56+00:00,FALSE,43,10,0,0,,"ğŸ¤“ Productivity nerd
ğŸ—’ï¸ Daily Notion tips & tricks
ğŸ§¬ Get your life organized with Notion
ğŸ’¬ DM for Collab/Queries"